{
  "theta": 0.04210823236607533,
  "rho": 0.013945310373836966,
  "lam": [
    9.994366286242998,
    10.212219185728232,
    0.7783093938260486,
    0.36053742096372954,
    0.5506805459139757,
    1.1854357317652968,
    1.9233156349529934,
    2.0725732491493734,
    1.9353487727647585,
    1.648101058457394,
    1.3989616581175908,
    1.2173567654118478,
    1.1264254418908306,
    1.1022228756378358,
    1.1030915006754747,
    1.111129206335569,
    1.1252807483884169,
    1.14288206861743,
    1.1684904277623565,
    1.2178718297409743,
    1.2946325085246164,
    1.4123939589164638,
    1.5843457062550614,
    1.8284654037507995,
    2.0653865999109566,
    2.2595546271953797,
    2.3008622209793805,
    2.481649742827913
  ],
  "t_max": 18.14147021051542,
  "n_steps": 63,
  "mu": 2.5e-8,
  "pattern": "4+25*2+4+6"
}