{
  "theta": 0.02107600126576578,
  "rho": 0.007081963210540256,
  "lam": [
    4.08035325470881,
    6.546969663972805,
    2.5111299330699905,
    0.8226434286750491,
    0.45587028860963724,
    0.37037667783416356,
    0.37172082708566856,
    0.4203276951628746,
    0.5756255145038476,
    0.937454610435986,
    1.6652368504416177,
    2.810132297697093,
    4.004019607949073,
    4.638046092139669,
    4.370567177604525,
    3.6946339055874557,
    3.0421513404264835,
    2.5864076900428397,
    2.3133741783875004,
    2.171363449090355,
    2.1271101815143587,
    2.1738635987475297,
    2.3049077229045944,
    2.5472356901475894,
    2.886974564067924,
    3.3405024198342015,
    4.3017610993200055,
    8.929101049863478
  ],
  "t_max": 24.84842464049025,
  "n_steps": 63,
  "mu": 2.5e-8,
  "pattern": "4+25*2+4+6"
}