{
  "theta": 0.08109031355245622,
  "rho": 0.02656284592744894,
  "lam": [
    1.0096467247284908,
    1.0776856901316363,
    1.1793296834946279,
    1.3808111024626137,
    1.3065916113268476,
    1.176432063294249,
    1.1431784139746732,
    1.1849843378134541,
    1.2351734787316748,
    1.2436152087656995,
    1.2118394801430845,
    1.1733735269491958,
    1.1519610264919726,
    1.148029198236208,
    1.1524736146361816,
    1.1616464963140096,
    1.1726675404272682,
    1.1832558470934844,
    1.1963333357600139,
    1.2164229878125281,
    1.2419951518189762,
    1.2654186555138442,
    1.2800753178375164,
    1.2845509774380324,
    1.2797457876430083,
    1.269242068971389,
    1.2382600634799128,
    1.1617539414001161
  ],
  "t_max": 17.307407332853092,
  "n_steps": 63,
  "mu": 2.5e-8,
  "pattern": "4+25*2+4+6"
}