{
  "theta": 0.08108289867659725,
  "rho": 0.026560377073458583,
  "lam": [
    1.0095580724671616,
    1.07888707803742,
    1.1799947752885958,
    1.380166307129671,
    1.3066991605224219,
    1.1769915566214926,
    1.143113962473965,
    1.1846787966112895,
    1.2354734844653512,
    1.2436342005690053,
    1.2123641669031595,
    1.1734083480567166,
    1.1520780847458847,
    1.148095385447712,
    1.1524638698177454,
    1.1616972667079217,
    1.172828095737268,
    1.183565465642652,
    1.196601156444625,
    1.216167042487167,
    1.2422074703566137,
    1.2653315075024159,
    1.28032341707845,
    1.284221712302235,
    1.2801163653480498,
    1.2704463842086853,
    1.239766320670384,
    1.1611841952993844
  ],
  "t_max": 17.309134647235524,
  "n_steps": 63,
  "mu": 2.5e-8,
  "pattern": "4+25*2+4+6"
}