{
  "theta": 0.0810729015492744,
  "rho": 0.02655714593220668,
  "lam": [
    1.0094015159528191,
    1.0784285853488726,
    1.18023876060854,
    1.3807318545400122,
    1.3062977871418804,
    1.1772008259468862,
    1.1432375851819632,
    1.1846930878235176,
    1.2361890912047988,
    1.24343777460785,
    1.2121210378489502,
    1.1738315253734868,
    1.152097066488643,
    1.1482484792354422,
    1.1527483103618892,
    1.1618438328905436,
    1.1728824066003611,
    1.183540896196954,
    1.196673308799553,
    1.2166015969687505,
    1.2421876914702787,
    1.2657204072185866,
    1.280392336651454,
    1.2846624677408682,
    1.2803300482977558,
    1.270125512738385,
    1.2389102048924165,
    1.163662490516822
  ],
  "t_max": 17.312567983146806,
  "n_steps": 63,
  "mu": 2.5e-8,
  "pattern": "4+25*2+4+6"
}