{
  "theta": 0.08105663415754973,
  "rho": 0.026552005332479388,
  "lam": [
    1.009872405017984,
    1.0797192133240814,
    1.1793581790897008,
    1.3785728272885318,
    1.3082699574971552,
    1.1774705548059317,
    1.1430819258015192,
    1.1856341514575437,
    1.2350182190797947,
    1.24468439637964,
    1.2125076462935636,
    1.1739190095030254,
    1.152278602179991,
    1.1484876167412221,
    1.1530633777455555,
    1.1620319564170367,
    1.1730915371981356,
    1.1838544623645024,
    1.1967871809795172,
    1.2167878930694938,
    1.2425099459483655,
    1.2658314813355385,
    1.280519143585113,
    1.2847826890558083,
    1.281239162127087,
    1.2694898097941778,
    1.241070046004856,
    1.1654116606418305
  ],
  "t_max": 17.31822285197413,
  "n_steps": 63,
  "mu": 2.5e-8,
  "pattern": "4+25*2+4+6"
}