{
  "theta": 0.05550546360959658,
  "rho": 0.017612315487760856,
  "lam": [
    0.1870010054588595,
    0.4540956246014257,
    0.6741911610750191,
    0.7300818247974193,
    0.8363389984477657,
    1.1698417257629483,
    1.9056018376093515,
    2.9600530893876407,
    3.6810571813661856,
    3.520767892911561,
    2.725286242940714,
    1.9081905593286024,
    1.3411273789926377,
    1.0198417092256078,
    0.8626195817739255,
    0.8037871591184805,
    0.8001505590936202,
    0.8249743282027723,
    0.8692139677533944,
    0.9337301352415444,
    1.023848651440002,
    1.135738821080076,
    1.2585553375757268,
    1.3706905944109604,
    1.4337363560286263,
    1.4199552997796423,
    1.3053612709349287,
    1.1097863137832615
  ],
  "t_max": 13.937656391511682,
  "n_steps": 63,
  "mu": 2.5e-8,
  "pattern": "4+25*2+4+6"
}