{
  "theta": 0.05549470055946285,
  "rho": 0.017608619180597137,
  "lam": [
    0.18703108363471294,
    0.4541639949589238,
    0.6738697592452836,
    0.7304204471380975,
    0.8367741403315347,
    1.169274702184772,
    1.9039483302617102,
    2.961565596343935,
    3.6872893641677154,
    3.5159093229378535,
    2.7271488878644923,
    1.9091446522182922,
    1.3416377629186504,
    1.020240569317461,
    0.8628032036309758,
    0.8038529875253533,
    0.8002312736797634,
    0.8252503583935112,
    0.869175363137599,
    0.9341569603089779,
    1.0239983454483124,
    1.1360031760845342,
    1.258762594019686,
    1.3710661635969925,
    1.4334754938330319,
    1.4208041326217762,
    1.305263776148223,
    1.1078212071838744
  ],
  "t_max": 13.940805216375617,
  "n_steps": 63,
  "mu": 2.5e-8,
  "pattern": "4+25*2+4+6"
}