{
  "theta": 0.05550391477355177,
  "rho": 0.01761153090710934,
  "lam": [
    0.18699774290493684,
    0.45406424572108606,
    0.6744652246089635,
    0.7302069383014993,
    0.835942566251762,
    1.1694901171811958,
    1.9059003455140175,
    2.961567072875984,
    3.6841504979697848,
    3.5188614706773573,
    2.72533251648955,
    1.9078942612297272,
    1.3412523528830804,
    1.0200184437919235,
    0.8625112033678646,
    0.8038106184755933,
    0.8001577041745367,
    0.8251156541073698,
    0.8689261512540996,
    0.9337933233989868,
    1.0240635062767056,
    1.1362353141239758,
    1.2587585497387372,
    1.3708325877972884,
    1.4330336122253897,
    1.4198501323415245,
    1.3043212930240704,
    1.1097813634588451
  ],
  "t_max": 13.938656641175951,
  "n_steps": 63,
  "mu": 2.5e-8,
  "pattern": "4+25*2+4+6"
}