{
  "theta": 0.0555045517592051,
  "rho": 0.017611774958104818,
  "lam": [
    0.18698611241326407,
    0.4544924274939135,
    0.6734636465479419,
    0.7298156131346069,
    0.8369372482410173,
    1.1704581032341967,
    1.9040716113433798,
    2.9583121891693778,
    3.68262051691127,
    3.517081517028402,
    2.726129456619719,
    1.90858065391964,
    1.3413287777821157,
    1.020149148655249,
    0.8625241467893875,
    0.8037753817312216,
    0.8001590909527776,
    0.8249586436986065,
    0.8690749367711204,
    0.9338463779555244,
    1.0239044523363485,
    1.1358608777428318,
    1.258417630960848,
    1.3704586943907233,
    1.4338105912969445,
    1.4203993150847534,
    1.3058959438296862,
    1.1089149288260733
  ],
  "t_max": 13.93709833681033,
  "n_steps": 63,
  "mu": 2.5e-8,
  "pattern": "4+25*2+4+6"
}