{
  "theta": 0.05459710120998222,
  "rho": 0.018086789102421372,
  "lam": [
    0.17137440287404337,
    0.45282798282366404,
    0.7510462281946108,
    0.7895217834418943,
    0.8402305765589011,
    1.139891596521993,
    1.893787585288545,
    3.062800157404624,
    3.940843838042391,
    3.829145036010459,
    2.9449363934402677,
    2.0216104467171245,
    1.3914150417350148,
    1.0427255058566214,
    0.8765145793634892,
    0.8172925095153264,
    0.8162064920759876,
    0.8429151692658133,
    0.8879509430030257,
    0.9547288514167438,
    1.0517719186451435,
    1.1772604910756415,
    1.319927661762842,
    1.4530598246496664,
    1.527632997146869,
    1.5076584364456458,
    1.365793712071745,
    1.1337195600303696
  ],
  "t_max": 14.175705426470149,
  "n_steps": 63,
  "mu": 2.5e-8,
  "pattern": "4+25*2+4+6"
}