{
  "theta": 0.05438325004330259,
  "rho": 0.017822709353679175,
  "lam": [
    0.1706564970193343,
    0.48181106016380987,
    0.7877932495349255,
    0.7911102808007134,
    0.8362445844970757,
    1.1541151205668998,
    1.9274944201331885,
    3.108457590080722,
    3.9933610031384204,
    3.8694685305323904,
    2.9654406854786988,
    2.0289127223302965,
    1.3958716470438284,
    1.0496077494756952,
    0.8862025918151151,
    0.827830336890641,
    0.8250025499358397,
    0.8481681126535943,
    0.8896754327587987,
    0.9548099082426158,
    1.0539595523778285,
    1.1867672340167132,
    1.3422381987918608,
    1.4914322018978747,
    1.5812326018273601,
    1.5711233715714956,
    1.4297727019442803,
    1.1765331395775265
  ],
  "t_max": 14.335692359120026,
  "n_steps": 63,
  "mu": 2.5e-8,
  "pattern": "4+25*2+4+6"
}