{
  "theta": 0.0544418694952994,
  "rho": 0.018066215577659177,
  "lam": [
    0.17492819875808574,
    0.4069254833141809,
    0.668738852080526,
    0.7555472095404472,
    0.8496485824584312,
    1.1480448362421005,
    1.875276800266427,
    3.0224932015237314,
    3.899351714928662,
    3.7879636532067504,
    2.9101032637834536,
    1.999984525968593,
    1.382353667885864,
    1.0422736261099352,
    0.8811437414170554,
    0.8244121165326996,
    0.8243230800105491,
    0.8512627889076156,
    0.8956596913325136,
    0.9602481105948761,
    1.0529864664047235,
    1.1721445932996033,
    1.308033123535776,
    1.4368187301741981,
    1.5124677888545666,
    1.4993733763461365,
    1.3685493681604353,
    1.1401350392404146
  ],
  "t_max": 14.226814890295865,
  "n_steps": 63,
  "mu": 2.5e-8,
  "pattern": "4+25*2+4+6"
}