{
  "theta": 0.05465291041512165,
  "rho": 0.018038403746691956,
  "lam": [
    0.21248488052408432,
    0.39724861569956843,
    0.6970770039911889,
    0.7818788272389213,
    0.854521223960192,
    1.1610455102441115,
    1.9097371576547133,
    3.0497795504133425,
    3.874170474428668,
    3.7194269679846057,
    2.848815099673141,
    1.9643359473828716,
    1.362467965513423,
    1.0278346161593486,
    0.8674577778999062,
    0.8097722285975516,
    0.8078376837850344,
    0.8326211452440176,
    0.8755663041667157,
    0.9403598506156134,
    1.0356772599111106,
    1.1604030916907178,
    1.3048783213137292,
    1.4437352295451333,
    1.5267483633657868,
    1.514862881140682,
    1.37842578307651,
    1.1433843662970453
  ],
  "t_max": 14.122592482550568,
  "n_steps": 63,
  "mu": 2.5e-8,
  "pattern": "4+25*2+4+6"
}