{
  "theta": 0.05534150376159162,
  "rho": 0.0182686057330202,
  "lam": [
    0.19740177254382538,
    0.42225013262818006,
    0.6429872085862928,
    0.7224561087711019,
    0.8468485685853578,
    1.192669909886365,
    1.9437409459321884,
    3.0489802644621484,
    3.836937142019857,
    3.7016350520787697,
    2.865232101588845,
    1.9834241379550366,
    1.3711120644777384,
    1.0287682324606608,
    0.8649909230331801,
    0.8061609613424038,
    0.8038445641850805,
    0.8281131310573727,
    0.8695076178559997,
    0.9309329454637693,
    1.0203514828874796,
    1.1355582741420787,
    1.26518812506992,
    1.3839328108107962,
    1.4476694281955809,
    1.4260911020243472,
    1.294917410272331,
    1.0802620529662592
  ],
  "t_max": 13.859437158216524,
  "n_steps": 63,
  "mu": 2.5e-8,
  "pattern": "4+25*2+4+6"
}