{
  "theta": 0.05480840590404146,
  "rho": 0.018143012791486054,
  "lam": [
    0.19597109985374003,
    0.5611548379145022,
    0.8285540643311798,
    0.7833742977833401,
    0.8346046721663902,
    1.132750489823745,
    1.8350094806806163,
    2.9207649477842077,
    3.7631795216237633,
    3.6991429168671788,
    2.889353703300658,
    2.006765542683465,
    1.3889187066266337,
    1.041379862790218,
    0.8730607253324854,
    0.8107476788018296,
    0.8066288648519738,
    0.8312562937901398,
    0.8753888746075578,
    0.942341526742176,
    1.0408176346342184,
    1.1687992997861865,
    1.3128335983758685,
    1.4439903869455135,
    1.5153954358161728,
    1.495978821052036,
    1.358764117038301,
    1.1262794955471656
  ],
  "t_max": 14.077148619957763,
  "n_steps": 63,
  "mu": 2.5e-8,
  "pattern": "4+25*2+4+6"
}