{
  "theta": 0.05485312629485871,
  "rho": 0.018120776048320384,
  "lam": [
    0.19481875305593999,
    0.45031882161072306,
    0.6864785921740949,
    0.7211189575591684,
    0.8088537021227521,
    1.1276106881031016,
    1.8549429172895358,
    2.9440427631526607,
    3.772639885681642,
    3.70743274339062,
    2.893369151686165,
    2.0060673385655,
    1.3875241886548046,
    1.0416870248730696,
    0.8755915229524263,
    0.815128379358043,
    0.8122814204540805,
    0.8374759263766606,
    0.8812465892196594,
    0.9460976549288062,
    1.0396946087557157,
    1.1602456538012893,
    1.297661297607804,
    1.4272817977291645,
    1.5027729152569824,
    1.4891046629821298,
    1.3580224535256935,
    1.134299054802081
  ],
  "t_max": 14.080350505962159,
  "n_steps": 63,
  "mu": 2.5e-8,
  "pattern": "4+25*2+4+6"
}