{
  "theta": 0.05531236359350617,
  "rho": 0.018348339142162714,
  "lam": [
    0.1651638989346567,
    0.5266374754271628,
    0.7764445179435298,
    0.7662661902779402,
    0.822696874999565,
    1.1016586461955717,
    1.7629890837287463,
    2.7761396930807702,
    3.567638534061581,
    3.527446950480683,
    2.7872216719102685,
    1.9622323009119114,
    1.3712529379373444,
    1.0322978848879427,
    0.865762341874671,
    0.8025669465402119,
    0.7959178152183146,
    0.8173987739148518,
    0.8585435144954525,
    0.9215495002165125,
    1.0127111515549456,
    1.1283650293196095,
    1.2566499706905516,
    1.3738615030129961,
    1.4391279768436565,
    1.4245041366204823,
    1.3067080093738785,
    1.0959901391511402
  ],
  "t_max": 13.829645314492062,
  "n_steps": 63,
  "mu": 2.5e-8,
  "pattern": "4+25*2+4+6"
}