{
  "theta": 0.05554949344056437,
  "rho": 0.01841399905330495,
  "lam": [
    0.18732259386769112,
    0.4517461395571204,
    0.6861237093105792,
    0.736471945643646,
    0.7902552356236424,
    1.0513361620653483,
    1.7311510376706245,
    2.819563247727188,
    3.670349698680946,
    3.6138108019278317,
    2.8242085319631642,
    1.9660632179636877,
    1.363676873973712,
    1.0228551914948956,
    0.8568861970917826,
    0.7951356497520934,
    0.7909886883087973,
    0.8154922376178825,
    0.8587454430584878,
    0.9218083103872229,
    1.0107675348569352,
    1.123498937276386,
    1.2506586840261176,
    1.3682354373152912,
    1.4304152506143677,
    1.404983900129134,
    1.2689033932478733,
    1.0579528709026498
  ],
  "t_max": 13.736423627160715,
  "n_steps": 63,
  "mu": 2.5e-8,
  "pattern": "4+25*2+4+6"
}