{
  "theta": 0.055622891813587254,
  "rho": 0.018399294421829374,
  "lam": [
    0.17963736035010142,
    0.47790630822169816,
    0.7155903540738083,
    0.7526461359814612,
    0.8062992147725808,
    1.0812469895479504,
    1.7901979125057215,
    2.905356423204462,
    3.7534420810122886,
    3.6664674167038496,
    2.846530584840447,
    1.9737725045765815,
    1.3689270749406952,
    1.0301149103788718,
    0.8662802257945009,
    0.8051432404331114,
    0.7994957590330493,
    0.8202074596392798,
    0.8578891926852059,
    0.9151941063880115,
    0.9999816096901262,
    1.1111201289191321,
    1.2395613646397712,
    1.3627403394626842,
    1.4371301911231715,
    1.4288133477605602,
    1.310892868979094,
    1.1003619547417944
  ],
  "t_max": 13.746069392920342,
  "n_steps": 63,
  "mu": 2.5e-8,
  "pattern": "4+25*2+4+6"
}