{
  "theta": 0.05406144499317487,
  "rho": 0.017875809892151956,
  "lam": [
    0.17151912124874236,
    0.4841852132049885,
    0.6874195208427728,
    0.699197651549606,
    0.7790582502503087,
    1.0929509936000903,
    1.8737683440384927,
    3.1128358316537326,
    4.031368228716791,
    3.878605990687377,
    2.949297393009648,
    2.0125046476084787,
    1.3850926595971331,
    1.0422665004600193,
    0.8812432313831454,
    0.825678265601995,
    0.8271759721630605,
    0.8563665884896033,
    0.9046773991705299,
    0.9758671131638497,
    1.0782416577474072,
    1.208260996364372,
    1.3514474839023614,
    1.4786065148496357,
    1.5423680799603983,
    1.5133249484652305,
    1.3689534801001342,
    1.1413833514298046
  ],
  "t_max": 14.397335658369624,
  "n_steps": 63,
  "mu": 2.5e-8,
  "pattern": "4+25*2+4+6"
}