{
  "theta": 0.05475529624408311,
  "rho": 0.017997811804471953,
  "lam": [
    0.16557394422513494,
    0.4692850563015551,
    0.6899593893980068,
    0.7180019064320466,
    0.7988906140056089,
    1.1268028550138705,
    1.9159154883289005,
    3.097551597342251,
    3.9103875172386013,
    3.740837157505437,
    2.8783346524051314,
    1.9945055495271875,
    1.385603056467515,
    1.0446484969911127,
    0.8806662824823515,
    0.8214581943591989,
    0.8195322563089547,
    0.8453489362932802,
    0.889185517727399,
    0.952567778770137,
    1.0419833343732412,
    1.155802034138038,
    1.28625200109073,
    1.4116820347884649,
    1.4871264586746977,
    1.4761707070785592,
    1.3482659667503352,
    1.1222201180558224
  ],
  "t_max": 14.139503812141479,
  "n_steps": 63,
  "mu": 2.5e-8,
  "pattern": "4+25*2+4+6"
}