{
  "theta": 0.054748282400109295,
  "rho": 0.01822194138483302,
  "lam": [
    0.1965887959145184,
    0.43715731957991066,
    0.7510686904000318,
    0.8112095409593292,
    0.8540261742833931,
    1.1196724274753898,
    1.8130281941950583,
    2.9266212199146935,
    3.803202559280144,
    3.724013614474043,
    2.8838526285111987,
    1.995599631368484,
    1.3831263549837112,
    1.03945830874959,
    0.8718891830035796,
    0.8087464562341712,
    0.803814531689692,
    0.8286707094561266,
    0.8743789928380983,
    0.9436843970808235,
    1.0444675043807792,
    1.1743571049464732,
    1.3208175676049487,
    1.4555732159132058,
    1.5286297854916853,
    1.5047991159111747,
    1.3592627961389545,
    1.1286846174883514
  ],
  "t_max": 14.074398705584604,
  "n_steps": 63,
  "mu": 2.5e-8,
  "pattern": "4+25*2+4+6"
}