{
  "theta": 0.054643783267726356,
  "rho": 0.018172364468849986,
  "lam": [
    0.17704602279135945,
    0.46107545320958504,
    0.7684175089920432,
    0.8190456810408479,
    0.8491167244455585,
    1.1284871922255773,
    1.8726928234768019,
    3.034855867732613,
    3.9175963188919307,
    3.80711046397384,
    2.9274531741523844,
    2.0159095922099874,
    1.3927995552434538,
    1.045248794557108,
    0.8770117486657041,
    0.8141382346547255,
    0.8090609450738502,
    0.8334134212472352,
    0.8790786979266485,
    0.9488558766770032,
    1.049874859162187,
    1.1793808220301885,
    1.3262010236481543,
    1.463206774682313,
    1.5393505235801894,
    1.5168337041602291,
    1.3676125707937654,
    1.1270623189748457
  ],
  "t_max": 14.135858904068222,
  "n_steps": 63,
  "mu": 2.5e-8,
  "pattern": "4+25*2+4+6"
}