{
  "theta": 0.05489876632258286,
  "rho": 0.018174029761518953,
  "lam": [
    0.1832173018116242,
    0.4738761645897836,
    0.769277423475184,
    0.8324801947617217,
    0.9096106228636981,
    1.2226467199217395,
    1.9563539840646307,
    3.0258926483106223,
    3.7829956267840092,
    3.6568651188568175,
    2.843109799782854,
    1.9795501933726078,
    1.375590705765125,
    1.033607901454118,
    0.8660576972414746,
    0.8027078672037308,
    0.7974729155710941,
    0.8214450766131574,
    0.8649839839405505,
    0.9306370813362643,
    1.0263619954191994,
    1.1499453029434277,
    1.290521425917846,
    1.4240183882542465,
    1.5036888343082813,
    1.4912620500972997,
    1.353490337583285,
    1.1164047625387534
  ],
  "t_max": 14.002552303672031,
  "n_steps": 63,
  "mu": 2.5e-8,
  "pattern": "4+25*2+4+6"
}