{
  "theta": 0.054804241825298805,
  "rho": 0.018117399782138326,
  "lam": [
    0.1847662997777681,
    0.40322405400704814,
    0.6667288150517601,
    0.7591146782581669,
    0.8478540482254573,
    1.1309138205128528,
    1.813591879186206,
    2.866460399142639,
    3.6654191504945293,
    3.5859373511613146,
    2.8087280677779276,
    1.9683927126774476,
    1.3743669329412198,
    1.0364317659194364,
    0.8722266584389898,
    0.8125167555369804,
    0.8107884277243201,
    0.8380071914527091,
    0.8845346353110506,
    0.9519500233243847,
    1.0466890158076514,
    1.164937462192379,
    1.2940733584467858,
    1.4094307703625404,
    1.4694751816733578,
    1.4455845372940608,
    1.3127923099973007,
    1.098573365225546
  ],
  "t_max": 14.066648871787253,
  "n_steps": 63,
  "mu": 2.5e-8,
  "pattern": "4+25*2+4+6"
}