{
  "theta": 0.05475281675973547,
  "rho": 0.01816176414715837,
  "lam": [
    0.1954531499448104,
    0.471379843658704,
    0.6787691002286793,
    0.7091079400887633,
    0.8023110162483219,
    1.1496285128659942,
    1.9832885147440866,
    3.2425936120305865,
    4.104190848654883,
    3.8756420413491828,
    2.921239470284077,
    1.9935442609325613,
    1.3782827788194063,
    1.04209142628177,
    0.8833905281103221,
    0.8278079776961814,
    0.827626022990962,
    0.8532634291599285,
    0.8955502184165365,
    0.9573910899531207,
    1.0463613581038533,
    1.159717772221807,
    1.286958899701452,
    1.405518415220364,
    1.472159738350794,
    1.4533626602187681,
    1.320263516721628,
    1.0995162025687437
  ],
  "t_max": 14.108764205652955,
  "n_steps": 63,
  "mu": 2.5e-8,
  "pattern": "4+25*2+4+6"
}