{
  "theta": 0.05458752282376447,
  "rho": 0.018074661931047342,
  "lam": [
    0.1736935966290715,
    0.44621517306642144,
    0.7442789636300974,
    0.8224334573352639,
    0.9097682312852575,
    1.2183096885332163,
    1.9558964991522294,
    3.083732158638779,
    3.913153506892076,
    3.7869945787828847,
    2.9187481765332013,
    2.0059960627333724,
    1.3786846582649177,
    1.0311330208046214,
    0.8661883196167904,
    0.808170665094158,
    0.8080787880464259,
    0.8357504989159918,
    0.88177153176281,
    0.9495306225986451,
    1.0474878549196234,
    1.172915632564159,
    1.3130620016829224,
    1.441618615603307,
    1.5131622065024617,
    1.4952979498816155,
    1.3635621091969794,
    1.1400401007004866
  ],
  "t_max": 14.142165006815079,
  "n_steps": 63,
  "mu": 2.5e-8,
  "pattern": "4+25*2+4+6"
}