{
  "theta": 0.055203165735319325,
  "rho": 0.01840920175896913,
  "lam": [
    0.1778791165183592,
    0.4171470444236934,
    0.6582182771132299,
    0.7231977583430232,
    0.8521457705260472,
    1.2282229638585367,
    2.027978417972814,
    3.173753904717229,
    3.981377213462189,
    3.8185142260392255,
    2.923813815105183,
    2.00168753580372,
    1.3725265558545474,
    1.0250189864956831,
    0.8597391997354864,
    0.8002659629630327,
    0.7978052801913481,
    0.8224477035259102,
    0.864511567185934,
    0.926388988593895,
    1.015136308635638,
    1.1278094343119898,
    1.254724932886839,
    1.3755209305666094,
    1.449010527378179,
    1.4399386935777678,
    1.3171018124635665,
    1.099038224006661
  ],
  "t_max": 13.849800048104496,
  "n_steps": 63,
  "mu": 2.5e-8,
  "pattern": "4+25*2+4+6"
}