{
  "theta": 0.05534405964057528,
  "rho": 0.018328190538274513,
  "lam": [
    0.1843562032615066,
    0.5382857713527045,
    0.7731958073543319,
    0.7328897120865943,
    0.7724704196191835,
    1.0853404274617247,
    1.8755360784458426,
    3.1011008529242345,
    3.9907174629627886,
    3.818265403536046,
    2.888926383701999,
    1.968633083913255,
    1.3564286377837016,
    1.0213625674767237,
    0.8621486159728111,
    0.8044020486338536,
    0.800949839790596,
    0.8232615708741687,
    0.8627861266020365,
    0.922817748461667,
    1.0118135685558387,
    1.1276875247019913,
    1.2582633323017596,
    1.3778560813719027,
    1.4443261459604653,
    1.4279305790437582,
    1.3028027748603925,
    1.087166832273107
  ],
  "t_max": 13.82745501018263,
  "n_steps": 63,
  "mu": 2.5e-8,
  "pattern": "4+25*2+4+6"
}