{
  "theta": 0.05473030903958447,
  "rho": 0.018095769023238093,
  "lam": [
    0.1927058654036219,
    0.46505321353506024,
    0.7742018806820299,
    0.8087232387538039,
    0.8555820791082289,
    1.119250937063257,
    1.7954089580331543,
    2.87646453927971,
    3.741808156815975,
    3.688918483029311,
    2.8705836921880277,
    1.987933406615301,
    1.3779084580176857,
    1.0381244269423229,
    0.875293129790344,
    0.8165054367608094,
    0.8144422808714913,
    0.8399297881650221,
    0.8839388012606505,
    0.9494912308682091,
    1.0443176048560534,
    1.1662504486940148,
    1.3050777364612405,
    1.4364131160519498,
    1.5123219671322237,
    1.4949452667447658,
    1.3550434940024283,
    1.124145954929022
  ],
  "t_max": 14.116800468095448,
  "n_steps": 63,
  "mu": 2.5e-8,
  "pattern": "4+25*2+4+6"
}