{
  "theta": 0.054765136638839765,
  "rho": 0.018187307786003398,
  "lam": [
    0.18397095112621573,
    0.5206290227541037,
    0.8140082978455978,
    0.7809180449441874,
    0.7956111985938854,
    1.0576736950323085,
    1.7404140587342765,
    2.835006392234928,
    3.720536809913058,
    3.6853511599945983,
    2.876851667544938,
    1.9960221685365298,
    1.3843050717818195,
    1.042294449443334,
    0.8777934825765294,
    0.8178227236820464,
    0.8146589656480093,
    0.8387637853655784,
    0.8809959811724902,
    0.9448295618359377,
    1.0388137993613695,
    1.1610198280887676,
    1.3002581625452116,
    1.4310000459984167,
    1.5065836883824486,
    1.4925094009211395,
    1.3636681679103357,
    1.1376839394434834
  ],
  "t_max": 14.091458931060666,
  "n_steps": 63,
  "mu": 2.5e-8,
  "pattern": "4+25*2+4+6"
}