{
  "theta": 0.054080356396950885,
  "rho": 0.017966426434020365,
  "lam": [
    0.17416467310721243,
    0.5122075519992969,
    0.7572023928368238,
    0.7768858843888082,
    0.8487879962583157,
    1.1448971642776278,
    1.8491682326153764,
    2.9236636114719365,
    3.7388905924371207,
    3.6696396985934863,
    2.8734376172304437,
    2.002680132639908,
    1.391725583688715,
    1.048577246655135,
    0.8839956114817521,
    0.825377534217156,
    0.8248112756259277,
    0.8523979969201566,
    0.899013341579251,
    0.9681515657345166,
    1.0681671343267707,
    1.196092908527109,
    1.3382097551743037,
    1.4663017650842494,
    1.5346225770024964,
    1.514496081582759,
    1.3819914178451826,
    1.1563418839704007
  ],
  "t_max": 14.361697904989722,
  "n_steps": 63,
  "mu": 2.5e-8,
  "pattern": "4+25*2+4+6"
}