{
  "theta": 0.054983839025101545,
  "rho": 0.018223412777575956,
  "lam": [
    0.17781244744819075,
    0.4445735946567513,
    0.6993523988112388,
    0.7572718669433549,
    0.830938765816872,
    1.1393768513904508,
    1.9096222800884843,
    3.105131513328367,
    3.992654089960432,
    3.860860437029659,
    2.953995946699689,
    2.01763586129097,
    1.3817090759350679,
    1.0310779101744247,
    0.8634749298208528,
    0.8019537088426506,
    0.7980020547270339,
    0.8226915259334426,
    0.8674304638312843,
    0.9355581269305718,
    1.035214911738432,
    1.163225693015123,
    1.3056735433924946,
    1.4347146880986896,
    1.504042693919102,
    1.4814999913138815,
    1.3390609046528594,
    1.105033118940698
  ],
  "t_max": 13.985422534125998,
  "n_steps": 63,
  "mu": 2.5e-8,
  "pattern": "4+25*2+4+6"
}