{
  "theta": 0.05551464503851912,
  "rho": 0.018433792016938507,
  "lam": [
    0.18819126695852723,
    0.4087615142170922,
    0.7418026463614676,
    0.8138333011130698,
    0.8514618512757868,
    1.1311707354417975,
    1.9167262440935728,
    3.195295930745414,
    4.119450605479401,
    3.9132852371532416,
    2.9391836253285253,
    1.9890291142803314,
    1.3600482243107503,
    1.0165505727630295,
    0.8533215595114689,
    0.7942305716723204,
    0.7914701551297503,
    0.8158825326291785,
    0.8581484433908116,
    0.9207411492063955,
    1.0113339949965778,
    1.1282953583061917,
    1.2619410599601097,
    1.3876993519510237,
    1.4578213578463919,
    1.436218216862898,
    1.2977200755169982,
    1.0779829474721796
  ],
  "t_max": 13.749466074842147,
  "n_steps": 63,
  "mu": 2.5e-8,
  "pattern": "4+25*2+4+6"
}