{
  "theta": 0.055146211895286026,
  "rho": 0.018330940795513024,
  "lam": [
    0.17835239456304466,
    0.5107424792851452,
    0.7988801069757445,
    0.78604749937922,
    0.8049332315683652,
    1.056379628417133,
    1.7142567560989148,
    2.7667563931565664,
    3.6190950504766923,
    3.5993303838043524,
    2.8290802177345786,
    1.9729057731899193,
    1.3729841489970347,
    1.0362178271139062,
    0.8732312679285092,
    0.8127949509605717,
    0.8085484071618005,
    0.8318322532906376,
    0.873105606377783,
    0.9337821796613555,
    1.0200886854857139,
    1.130141791860562,
    1.2560457250331958,
    1.3778583178650567,
    1.4541973419065573,
    1.450268940730666,
    1.3358517544432302,
    1.1204401220716351
  ],
  "t_max": 13.917396632040575,
  "n_steps": 63,
  "mu": 2.5e-8,
  "pattern": "4+25*2+4+6"
}