{
  "theta": 0.05481734968101052,
  "rho": 0.018240037598927356,
  "lam": [
    0.17417033454494318,
    0.4882267648383181,
    0.7333637630406998,
    0.7609874225257304,
    0.8409434856706116,
    1.1619483448010075,
    1.9370652816491554,
    3.0927413632136704,
    3.8963361140197788,
    3.7404078096638664,
    2.878548264516372,
    1.989761008139754,
    1.3800778562942382,
    1.040448266114197,
    0.8771957883371447,
    0.8178261489959339,
    0.8151781678059267,
    0.8394944452910225,
    0.8806328421283766,
    0.9412066728587544,
    1.0296850865821003,
    1.144659841298673,
    1.276031193794023,
    1.4009727275550468,
    1.4764442753405642,
    1.4674478181733241,
    1.3429937038801096,
    1.1195062552012351
  ],
  "t_max": 14.044402951842324,
  "n_steps": 63,
  "mu": 2.5e-8,
  "pattern": "4+25*2+4+6"
}