{
  "theta": 0.054986781140555885,
  "rho": 0.018199414388085675,
  "lam": [
    0.20034513404963836,
    0.4264490320159354,
    0.6908526252676003,
    0.740469454364771,
    0.8140283468465425,
    1.1109458248105135,
    1.8188827597921198,
    2.9064733615764218,
    3.7203208927648475,
    3.618364654526996,
    2.815373256456017,
    1.9649398755386822,
    1.3684178797987154,
    1.0293212725266168,
    0.8639047030352003,
    0.8027079115920295,
    0.799186250997575,
    0.8244338181080579,
    0.869154635708323,
    0.935750615690552,
    1.0314868879183436,
    1.1531035016437978,
    1.2882350507722922,
    1.4114689869753267,
    1.4784526657359482,
    1.4585904706053148,
    1.3274498078311079,
    1.1101726091837505
  ],
  "t_max": 13.970746319649312,
  "n_steps": 63,
  "mu": 2.5e-8,
  "pattern": "4+25*2+4+6"
}