{
  "theta": 0.053971550888035284,
  "rho": 0.01798658391500274,
  "lam": [
    0.18164549344157638,
    0.394070329242798,
    0.7001387084263335,
    0.8117337409853883,
    0.8891733657840131,
    1.163259195628114,
    1.8570236028564642,
    2.9431287594479114,
    3.783438606579571,
    3.720375836088631,
    2.9061356335479567,
    2.014972601524757,
    1.390278103594036,
    1.041278031056175,
    0.8754663255763171,
    0.8178224232216162,
    0.8199377976113732,
    0.8519940826915321,
    0.9038931315848092,
    0.9772073241577918,
    1.0786739384067596,
    1.2050714552989104,
    1.3452012214944287,
    1.4756199697055372,
    1.551864070881927,
    1.5379153680605815,
    1.4033639124572392,
    1.1693255323297131
  ],
  "t_max": 14.388139974100538,
  "n_steps": 63,
  "mu": 2.5e-8,
  "pattern": "4+25*2+4+6"
}