{
  "theta": 0.05479401629255118,
  "rho": 0.01824501359609046,
  "lam": [
    0.20530368070361849,
    0.4637745372719067,
    0.6923438295558358,
    0.7317052189883998,
    0.8164337979899025,
    1.1444526795448688,
    1.912505237281226,
    3.043833046853497,
    3.8291846196544364,
    3.672243609842856,
    2.8228704142582663,
    1.9492349592481164,
    1.3521651227911466,
    1.020962864327909,
    0.8627169077943128,
    0.8060659810565897,
    0.8051452691079766,
    0.8315552421358651,
    0.8756275035069532,
    0.9386256585546959,
    1.0271835082519836,
    1.139363319273975,
    1.266289595605363,
    1.3864856784735453,
    1.4581343314170816,
    1.4483377547848386,
    1.3279580476763762,
    1.113862149081926
  ],
  "t_max": 13.996225182310862,
  "n_steps": 63,
  "mu": 2.5e-8,
  "pattern": "4+25*2+4+6"
}