{
  "theta": 0.05421305865091678,
  "rho": 0.01786255135258821,
  "lam": [
    0.17635107178820722,
    0.5202935563353333,
    0.7510117987011576,
    0.7619481695326944,
    0.8240236453939527,
    1.1199761830405826,
    1.8579296600452733,
    3.0201738826434696,
    3.9105916388541706,
    3.8091496614308316,
    2.938065797100104,
    2.0267082255358155,
    1.4030430567908079,
    1.0572156748984431,
    0.8921242762648489,
    0.8328746751029031,
    0.8312041826862953,
    0.8577088363966713,
    0.9037709063383333,
    0.97280845812845,
    1.0721678742673193,
    1.197854689141627,
    1.3383407388226494,
    1.4701691709984648,
    1.5486165563653054,
    1.537528665618193,
    1.4073105917239626,
    1.1730436792129109
  ],
  "t_max": 14.387883797877718,
  "n_steps": 63,
  "mu": 2.5e-8,
  "pattern": "4+25*2+4+6"
}