{
  "theta": 0.05515668490107984,
  "rho": 0.018290280913723013,
  "lam": [
    0.17469192458811914,
    0.49081306644194556,
    0.7679298237633387,
    0.7713529239710842,
    0.8144441513383228,
    1.0909844193608484,
    1.7834478986882267,
    2.8841296229194078,
    3.771299130431589,
    3.750364007294511,
    2.9394655017611244,
    2.032505193692763,
    1.3968849914713128,
    1.042354491552489,
    0.8720095304956273,
    0.8089048820795004,
    0.8037684378880536,
    0.8268587450251945,
    0.8689105051684913,
    0.9325569116086728,
    1.0257112159106139,
    1.147048659971054,
    1.2870284231932063,
    1.4210590575615454,
    1.501041754376546,
    1.4890344500900503,
    1.3560885101066102,
    1.1273266222138894
  ],
  "t_max": 13.950387557592942,
  "n_steps": 63,
  "mu": 2.5e-8,
  "pattern": "4+25*2+4+6"
}