{
  "theta": 0.05534867733944353,
  "rho": 0.018392462685366727,
  "lam": [
    0.19030304030211176,
    0.5146420424223319,
    0.7141957235477601,
    0.7065839747854633,
    0.7760461469139256,
    1.090726102542956,
    1.841222112521393,
    2.9830672049380973,
    3.810694594548271,
    3.682600047101663,
    2.843882319927803,
    1.9716802987152198,
    1.3700114973779332,
    1.0324667154210783,
    0.8683709490179271,
    0.8065356689507918,
    0.800671139795577,
    0.8219318853978277,
    0.8609014317978683,
    0.9203167000843604,
    1.0079332285337277,
    1.1219245853055713,
    1.2525834001143579,
    1.3767024886806682,
    1.4505673029157986,
    1.4403636608537824,
    1.3166212729666975,
    1.098463202919778
  ],
  "t_max": 13.824127733013663,
  "n_steps": 63,
  "mu": 2.5e-8,
  "pattern": "4+25*2+4+6"
}