{
  "theta": 0.05595260580278682,
  "rho": 0.018526297967364515,
  "lam": [
    0.17865819301626845,
    0.41602883135523283,
    0.6378565051217743,
    0.6869911481941834,
    0.7716654654484806,
    1.0805937269286316,
    1.8319476345799357,
    3.0082974997946574,
    3.884568474300282,
    3.761081306265198,
    2.895044412888088,
    1.994461831478459,
    1.3756686791083987,
    1.0307709314125708,
    0.8646110384240804,
    0.8029829617120888,
    0.7975635571353935,
    0.818087011752736,
    0.854418759251314,
    0.908969521603677,
    0.989786289078914,
    1.0957122905028307,
    1.2181343458520193,
    1.3365990309654003,
    1.4102393255411838,
    1.4034136442254128,
    1.2843469226701802,
    1.0694156744035725
  ],
  "t_max": 13.626359443941057,
  "n_steps": 63,
  "mu": 2.5e-8,
  "pattern": "4+25*2+4+6"
}