{
  "theta": 0.05497319024709796,
  "rho": 0.01818460552358204,
  "lam": [
    0.17681823946983766,
    0.46199905229971927,
    0.7303204384444929,
    0.7727764316706551,
    0.8342807050797014,
    1.1278938248363746,
    1.8975208645885617,
    3.1112714749295947,
    3.972209426098781,
    3.7933953047275324,
    2.889482868316691,
    1.9858347205573874,
    1.376219819395125,
    1.0382747228906957,
    0.8752562149169938,
    0.814935482763107,
    0.8109846231999359,
    0.8348192961451198,
    0.8775169717655341,
    0.9415222580337872,
    1.033593866507686,
    1.1501489510837504,
    1.2798777087409936,
    1.4005146553483376,
    1.4708293373195367,
    1.4577806412657377,
    1.3325172276139494,
    1.1147013617127413
  ],
  "t_max": 14.010225254376484,
  "n_steps": 63,
  "mu": 2.5e-8,
  "pattern": "4+25*2+4+6"
}