{
  "theta": 0.054931406743353325,
  "rho": 0.018324384665580604,
  "lam": [
    0.1928200037475138,
    0.45932633163692904,
    0.6840808604216541,
    0.707838080368422,
    0.785260193199638,
    1.1042539999006507,
    1.8622825179044353,
    3.006855623738198,
    3.843357709074035,
    3.7249392189035007,
    2.8708281943707608,
    1.9774343129754697,
    1.3644760493551589,
    1.0233322113669794,
    0.8601189520246492,
    0.8019881463843636,
    0.8012277144581089,
    0.8276505572482258,
    0.8707767755556277,
    0.9325461671011185,
    1.0208762373629663,
    1.1346535528242763,
    1.264891369060352,
    1.3899295831616911,
    1.4670472809638586,
    1.459768269374808,
    1.3337172453170785,
    1.1078886414082594
  ],
  "t_max": 13.94688516307586,
  "n_steps": 63,
  "mu": 2.5e-8,
  "pattern": "4+25*2+4+6"
}