{
  "theta": 0.05537677718221631,
  "rho": 0.01839639003672958,
  "lam": [
    0.18794411025237112,
    0.5624956190487195,
    0.8038245258559069,
    0.8152603792618085,
    0.8696950200191547,
    1.1402102850056592,
    1.8154987502035393,
    2.8483081781194537,
    3.61088117372134,
    3.521289736807987,
    2.7636980392885895,
    1.94399842674286,
    1.3619814988505465,
    1.0289140036128346,
    0.8644061914471842,
    0.8005888126125531,
    0.7925334893233815,
    0.8129464795653945,
    0.8533991603400355,
    0.9162648241371419,
    1.008130525910047,
    1.1258732809082481,
    1.2575729666080737,
    1.3777815066093444,
    1.4428274579187905,
    1.4224717522147805,
    1.2921286921683721,
    1.077283229681168
  ],
  "t_max": 13.78420676908641,
  "n_steps": 63,
  "mu": 2.5e-8,
  "pattern": "4+25*2+4+6"
}