{
  "theta": 0.05381010159171464,
  "rho": 0.017909867579721447,
  "lam": [
    0.17074700660087455,
    0.5538884399627003,
    0.8344053921502603,
    0.7915118759512657,
    0.7958939615442545,
    1.0580803551456692,
    1.7742948270329146,
    2.9284519550392467,
    3.8421330798307896,
    3.7847405754045367,
    2.9348870972517753,
    2.023536074976206,
    1.3954476263879128,
    1.046361491990839,
    0.8796958550214615,
    0.8210955521206056,
    0.822644710693537,
    0.8546301181593995,
    0.9072519750613116,
    0.9825761315672034,
    1.0875430737187493,
    1.21837532242394,
    1.3617989078342096,
    1.4905496794687618,
    1.5581299810444222,
    1.533073894160758,
    1.3921263733808185,
    1.1631724618717383
  ],
  "t_max": 14.463588161714465,
  "n_steps": 63,
  "mu": 2.5e-8,
  "pattern": "4+25*2+4+6"
}