{
  "theta": 0.05533671324928411,
  "rho": 0.018258320201958653,
  "lam": [
    0.18746309368998865,
    0.4953914077459531,
    0.7441919667268784,
    0.7747242636994427,
    0.8402548847396911,
    1.151004740774779,
    1.9028338888477192,
    3.023859480066088,
    3.8309065518088437,
    3.7020031920984064,
    2.8582189063212455,
    1.9765584735331614,
    1.368343491946926,
    1.027721112358991,
    0.8630098561021827,
    0.8019220083690325,
    0.7971618791338154,
    0.8195255961588883,
    0.859777800352098,
    0.9205881640925625,
    1.0093187327478612,
    1.1240777034817244,
    1.2562883508041325,
    1.384523902719205,
    1.4641600785388258,
    1.4576511605159561,
    1.3350771306794684,
    1.1160254403571261
  ],
  "t_max": 13.851265394332126,
  "n_steps": 63,
  "mu": 2.5e-8,
  "pattern": "4+25*2+4+6"
}