{
  "theta": 0.05411988152736851,
  "rho": 0.018011503751347194,
  "lam": [
    0.19305536615976235,
    0.39341607274657725,
    0.6240140101676009,
    0.7092095025056246,
    0.8152099422995269,
    1.1474906940124654,
    1.9150340180937153,
    3.0524852499359323,
    3.881519564562019,
    3.775340730906598,
    2.9229808717136683,
    2.011759982252656,
    1.3824199297479942,
    1.0349475160933224,
    0.8720049151184678,
    0.8168382194383679,
    0.8198440142758269,
    0.8507817844141493,
    0.9002336678699461,
    0.9708885943818397,
    1.0700224367866666,
    1.1939764405498297,
    1.3300496397246966,
    1.453212629667985,
    1.520719270582318,
    1.5018052785485094,
    1.369392103262458,
    1.1476210888774723
  ],
  "t_max": 14.31868118872291,
  "n_steps": 63,
  "mu": 2.5e-8,
  "pattern": "4+25*2+4+6"
}