{
  "theta": 0.05399597055021103,
  "rho": 0.01807589784300778,
  "lam": [
    0.18762049084040242,
    0.4148946939884789,
    0.6506952282051397,
    0.7116938592843587,
    0.8157378119490393,
    1.1423442514175526,
    1.8905308294477368,
    3.025516825207191,
    3.8685465066760085,
    3.745577858074845,
    2.8864053968158347,
    1.996557916122668,
    1.3873280467075881,
    1.0482185380658509,
    0.8865979142054713,
    0.8306798840133193,
    0.8333516623103949,
    0.8646411737450767,
    0.9140864401559274,
    0.9832227294456478,
    1.078493980549259,
    1.196383809210044,
    1.3262156526222137,
    1.44503844125808,
    1.5100065427041809,
    1.4889897982133857,
    1.3521245849259351,
    1.126441295358824
  ],
  "t_max": 14.369499143109802,
  "n_steps": 63,
  "mu": 2.5e-8,
  "pattern": "4+25*2+4+6"
}