{
  "theta": 0.05600157327935031,
  "rho": 0.018456620445545958,
  "lam": [
    0.17220551458030506,
    0.46873217540365403,
    0.7293891995750961,
    0.7657784631370208,
    0.8291103485511946,
    1.1225180871946416,
    1.8401924364047502,
    2.9627194525030838,
    3.8228090449712036,
    3.7273497205378328,
    2.886413576367295,
    1.99937249307448,
    1.3860102958691807,
    1.0407212075133976,
    0.871045911510489,
    0.8048200339638635,
    0.795507840620871,
    0.814603341818286,
    0.8528516020169536,
    0.9122399927402834,
    0.9994467170518784,
    1.1116055315462985,
    1.2376958655446655,
    1.3547358853255371,
    1.4218563313267218,
    1.4085336866153535,
    1.287606991236022,
    1.0761556832659716
  ],
  "t_max": 13.645490068553698,
  "n_steps": 63,
  "mu": 2.5e-8,
  "pattern": "4+25*2+4+6"
}