{
  "theta": 0.05453873722908769,
  "rho": 0.01821037334915774,
  "lam": [
    0.21122360545369914,
    0.4391257633664009,
    0.6439218997049259,
    0.6807546483319529,
    0.7857348048123133,
    1.1098754183830382,
    1.836194663052763,
    2.935491727395646,
    3.788147160016025,
    3.7196409277182507,
    2.8882808240636626,
    1.9975305395734084,
    1.3845646261743716,
    1.0442128042155325,
    0.8814480318723413,
    0.8225860120071946,
    0.8203251197702568,
    0.8459938281715188,
    0.8908058959987375,
    0.9572643780438288,
    1.052325347658169,
    1.172460664308843,
    1.3059454878252843,
    1.4292125442521015,
    1.4994233709511087,
    1.483385614824753,
    1.3506305396570029,
    1.1230303025399617
  ],
  "t_max": 14.158765034813673,
  "n_steps": 63,
  "mu": 2.5e-8,
  "pattern": "4+25*2+4+6"
}