{
  "theta": 0.05495617881113354,
  "rho": 0.018168855848176717,
  "lam": [
    0.1776297039357458,
    0.545977828126526,
    0.7978466184202075,
    0.8015136924295172,
    0.8487707758511093,
    1.1422001348126285,
    1.8929472073188083,
    3.046379479820255,
    3.887346362202133,
    3.7570406971077452,
    2.8896407717250616,
    1.9891273877640765,
    1.3743455713189934,
    1.0342005251042152,
    0.8720317943130119,
    0.8135745178326734,
    0.8113458532463977,
    0.8366721741429548,
    0.8804421115410174,
    0.9443940593400914,
    1.0351140746269434,
    1.1502395795833602,
    1.2798017890549194,
    1.4001212254220359,
    1.468218624844352,
    1.4531918475373473,
    1.3305717703927544,
    1.1188917539379546
  ],
  "t_max": 14.013978690815499,
  "n_steps": 63,
  "mu": 2.5e-8,
  "pattern": "4+25*2+4+6"
}