{
  "theta": 0.05485825426922304,
  "rho": 0.018243240651824876,
  "lam": [
    0.1750193390489913,
    0.4263587724496882,
    0.7031719621349783,
    0.7597286402303883,
    0.8305991590784926,
    1.1401227154042732,
    1.9219845892465512,
    3.140153557747203,
    4.026542055167212,
    3.85850657985884,
    2.929221270946963,
    1.999653463298429,
    1.3786679323512119,
    1.037951414999235,
    0.8748584204644596,
    0.814691187641209,
    0.8103362273822992,
    0.8333104491225448,
    0.8752781803508413,
    0.9398188972833178,
    1.0353746492140519,
    1.1599849485531943,
    1.3015607691363413,
    1.43216447442718,
    1.50364939933061,
    1.4824982224782295,
    1.3411058123694626,
    1.106508066687206
  ],
  "t_max": 14.037938793585818,
  "n_steps": 63,
  "mu": 2.5e-8,
  "pattern": "4+25*2+4+6"
}