{
  "theta": 0.05473388264450498,
  "rho": 0.018166234558468674,
  "lam": [
    0.17976997590639962,
    0.4891614038726361,
    0.732985779669479,
    0.7285667547493592,
    0.792397402145198,
    1.1134327901896997,
    1.8697855635626528,
    3.013851000312495,
    3.86279669115304,
    3.7528015259696397,
    2.8955884374767753,
    1.9950653195903816,
    1.3766459375208737,
    1.0337098514092768,
    0.8707302290442706,
    0.8133392180853619,
    0.8128535369804301,
    0.8387766430388576,
    0.8815741497214927,
    0.9447943244676382,
    1.036989978840754,
    1.1557332080558833,
    1.2892170677838504,
    1.412737469920586,
    1.4831802830290466,
    1.4688208557113498,
    1.3444188442837344,
    1.130428575640289
  ],
  "t_max": 14.079693086699912,
  "n_steps": 63,
  "mu": 2.5e-8,
  "pattern": "4+25*2+4+6"
}