{
  "theta": 0.05449169300094818,
  "rho": 0.017937480323174156,
  "lam": [
    0.1974068410184497,
    0.4857860563188414,
    0.7747896050203866,
    0.8112231541137968,
    0.8663539390584075,
    1.163481693093643,
    1.887754216806507,
    2.983722418746862,
    3.7943260515465984,
    3.6878385592031924,
    2.860873420395107,
    1.9871446382067286,
    1.384795843753713,
    1.0494148086825086,
    0.8890796996897957,
    0.8318208606543686,
    0.8304632850065258,
    0.8555896849331657,
    0.8983570995488663,
    0.9621114835903481,
    1.0553611632546998,
    1.1767796854141321,
    1.3158976885591778,
    1.4463683448016846,
    1.5206001188391143,
    1.5044807533501965,
    1.37137755301167,
    1.1468917818544013
  ],
  "t_max": 14.260073603166878,
  "n_steps": 63,
  "mu": 2.5e-8,
  "pattern": "4+25*2+4+6"
}