{
  "theta": 0.05500621274723086,
  "rho": 0.018236150757520324,
  "lam": [
    0.19890357522915933,
    0.5116173045293172,
    0.770122713533365,
    0.7688179754169747,
    0.8184204574394695,
    1.097460383050896,
    1.8006314083791537,
    2.916070487866819,
    3.758022897678555,
    3.6524340034223304,
    2.8200884110728524,
    1.947616688411662,
    1.3492868722804565,
    1.0177811216720984,
    0.8598757085915772,
    0.8034698360151163,
    0.8020114445138267,
    0.8268956186124632,
    0.8691812451315661,
    0.9315488493268272,
    1.0213466745041895,
    1.1367793691162411,
    1.2682312117301897,
    1.391830366511738,
    1.4612792406874082,
    1.4422312265328587,
    1.3096043316402948,
    1.0937144014588747
  ],
  "t_max": 13.932883228676777,
  "n_steps": 63,
  "mu": 2.5e-8,
  "pattern": "4+25*2+4+6"
}