{
  "theta": 0.05413843912321443,
  "rho": 0.017967675173166813,
  "lam": [
    0.20090370998997295,
    0.4227060296034815,
    0.6986691424885664,
    0.7739862480886024,
    0.8564853252723666,
    1.1450913155509086,
    1.8442942755305265,
    2.9336068001435702,
    3.76950261649504,
    3.678201392482288,
    2.8579267412461453,
    1.9878504785113305,
    1.3843961750003562,
    1.046816235919811,
    0.885049084845373,
    0.8271348016597103,
    0.8259548808691022,
    0.8526455923103555,
    0.8988228598648849,
    0.9682715353641964,
    1.0694988355744683,
    1.1995961519587417,
    1.3443541982837597,
    1.474489632018096,
    1.5428514717630133,
    1.518348147629779,
    1.376413422133644,
    1.1491743870612814
  ],
  "t_max": 14.348160099004659,
  "n_steps": 63,
  "mu": 2.5e-8,
  "pattern": "4+25*2+4+6"
}