{
  "theta": 0.055429740029326616,
  "rho": 0.018304833567765647,
  "lam": [
    0.17036512025431716,
    0.49446703539285236,
    0.759002377622868,
    0.742906811720376,
    0.7761336558858521,
    1.0522872342358773,
    1.7682255592029514,
    2.903844195135856,
    3.785368518180212,
    3.7158597807610563,
    2.8887695362234593,
    2.0009650712110356,
    1.3844689443497333,
    1.0392840453079253,
    0.8723426276267656,
    0.8096689692330848,
    0.8032477682452769,
    0.8238098582228756,
    0.8625424989834057,
    0.9223968276775845,
    1.011035129184471,
    1.126372439306355,
    1.258674416481712,
    1.385930783456008,
    1.4651196325553322,
    1.4604200937002858,
    1.3409066108151508,
    1.115659539442303
  ],
  "t_max": 13.851933029162005,
  "n_steps": 63,
  "mu": 2.5e-8,
  "pattern": "4+25*2+4+6"
}